{"cameraMode":{"drawMode":0,"name":"Shaded","section":"Shading Mode"},"sceneLighting":true,"audioPlay":false,"sceneViewState":{"m_AlwaysRefresh":false,"showFog":true,"showSkybox":true,"showFlares":true,"showImageEffects":true,"showParticleSystems":true,"showVisualEffectGraphs":true,"m_FxEnabled":true},"in2DMode":false,"pivot":{"x":-1.939204454421997,"y":0.6765201091766357,"z":0.17728471755981446},"rotation":{"x":0.0035913519095629455,"y":-0.9604249596595764,"z":0.2782558500766754,"w":0.012398162856698037},"size":2.36602520942688,"orthographic":false}